<?xml version="1.0" encoding="UTF-8" standalone="yes"?>
<addon id="plugin.program.kisswizardv1" name="Kiss Wizard" version="1.0.1" provider-name="JXN">
  <requires>
    <import addon="xbmc.python" version="2.1.0"/>
  </requires>
  <extension point="xbmc.python.pluginsource" library="default.py">
        <provides>program executable</provides>
  </extension>
  <extension point="xbmc.addon.metadata">
		<summary lang="en">KISS Wizard</summary>
		<description lang="en">Easy Layout</description>
		<disclaimer lang="en">Note: we are not responsible or have any influence to the content and their availability from Kodi Add-ons</disclaimer>
		<platform>all</platform>		
	</extension>
</addon>
